fold,weekly_k,yearly_k,n_fourier_terms,validation_RMSE,validation_MAE,validation_MAPE,AICc,specification,status
"Train 2021, validate 2022",1,2,6,9.267111024787297,7.859976277721708,27.629635517786326,2158.617722344314,"Series: train_y  Regression with ARIMA(1,0,2) errors   Coefficients:          ar1      ma1      ma2  intercept  fourier_1  fourier_2  fourier_3  fourier_4  fourier_5  fourier_6       0.8486  -0.1334  -0.2557    37.7297     2.2550    -2.4863     4.6366    -6.4228     0.4193      1.747 s.e.  0.0533   0.0775   0.0680     0.9426     0.4249     0.4252     1.3394     1.3136     1.3204      1.295  sigma^2 = 20.9:  log likelihood = -1067.93 AIC=2157.87   AICc=2158.62   BIC=2200.77",ok
"Train 2021, validate 2022",2,2,8,9.087316027445656,7.725851146583031,27.16472819143117,2114.4257939340087,"Series: train_y  Regression with ARIMA(1,0,0) errors   Coefficients:          ar1  intercept  fourier_1  fourier_2  fourier_3  fourier_4  fourier_5  fourier_6  fourier_7       0.7265    37.7142     2.2663    -2.4803    -1.8312     0.1075     4.6269    -6.4523     0.4003 s.e.  0.0362     0.8068     0.3984     0.3986     0.2310     0.2312     1.1464     1.1324     1.1415       fourier_8          1.7215 s.e.     1.1277  sigma^2 = 18.51:  log likelihood = -1045.84 AIC=2113.68   AICc=2114.43   BIC=2156.58",ok
"Train 2021, validate 2022",3,2,10,9.07304480585746,7.714172609761552,27.126223487032412,2105.322302658909,"Series: train_y  Regression with ARIMA(1,0,0) errors   Coefficients:          ar1  intercept  fourier_1  fourier_2  fourier_3  fourier_4  fourier_5  fourier_6  fourier_7       0.7365     37.721     2.2656    -2.4813    -1.8316     0.1076     0.5884     0.3312     4.6274 s.e.  0.0356      0.822     0.3905     0.3907     0.2257     0.2258     0.1823     0.1822     1.1681       fourier_8  fourier_9  fourier_10         -6.4388     0.4015      1.7349 s.e.     1.1531     1.1627      1.1479  sigma^2 = 17.95:  log likelihood = -1039.14 AIC=2104.29   AICc=2105.32   BIC=2154.98",ok
"Train 2021, validate 2022",1,4,10,9.149212190653683,7.811044024920409,27.24757764382621,2161.3970373036723,"Series: train_y  Regression with ARIMA(1,0,2) errors   Coefficients:          ar1      ma1      ma2  intercept  fourier_1  fourier_2  fourier_3  fourier_4  fourier_5  fourier_6       0.8016  -0.1016  -0.2367    37.6934     2.2587    -2.4824     4.6301    -6.4947     0.4065     1.6768 s.e.  0.0689   0.0893   0.0734     0.7756     0.4281     0.4284     1.1009     1.0871     1.0924     1.0787       fourier_7  fourier_8  fourier_9  fourier_10          2.0926     1.2789     0.1364     -1.4066 s.e.     1.0788     1.0652     1.0607      1.0473  sigma^2 = 20.8:  log likelihood = -1065.01 AIC=2160.02   AICc=2161.4   BIC=2218.52",ok
"Train 2021, validate 2022",2,4,12,8.988567684574363,7.708443225479462,26.88058347487251,2116.0747153959373,"Series: train_y  Regression with ARIMA(1,0,0) errors   Coefficients:          ar1  intercept  fourier_1  fourier_2  fourier_3  fourier_4  fourier_5  fourier_6  fourier_7       0.6946    37.6974     2.2690    -2.4766    -1.8293     0.1073     4.6255    -6.4860     0.3976 s.e.  0.0380     0.7167     0.3964     0.3966     0.2326     0.2328     1.0175     1.0073     1.0142       fourier_8  fourier_9  fourier_10  fourier_11  fourier_12          1.6882     2.0798      1.2946      0.1205     -1.3852 s.e.     1.0041     1.0087      0.9987      1.0012      0.9914  sigma^2 = 18.37:  log likelihood = -1042.35 AIC=2114.7   AICc=2116.07   BIC=2173.2",ok
"Train 2021, validate 2022",3,4,14,8.95599863494064,7.674641818748714,26.761801100778953,2107.201268755277,"Series: train_y  Regression with ARIMA(1,0,1) errors   Coefficients:          ar1     ma1  intercept  fourier_1  fourier_2  fourier_3  fourier_4  fourier_5  fourier_6       0.6422  0.1237    37.6805     2.2743    -2.4725    -1.8279     0.1062     0.5891     0.3293 s.e.  0.0599  0.0800     0.6735     0.4212     0.4214     0.2293     0.2293     0.1694     0.1694       fourier_7  fourier_8  fourier_9  fourier_10  fourier_11  fourier_12  fourier_13  fourier_14          4.6242    -6.5196     0.3951      1.6548      2.0761      1.2616      0.1157     -1.4178 s.e.     0.9556     0.9479     0.9535      0.9458      0.9499      0.9423      0.9450      0.9375  sigma^2 = 17.76:  log likelihood = -1034.61 AIC=2105.22   AICc=2107.2   BIC=2175.42",ok
"Train 2021, validate 2022",1,6,14,9.476481857839191,8.016947802798267,27.720907673762245,2155.5826571397797,"Series: train_y  Regression with ARIMA(1,0,2) errors   Coefficients:          ar1      ma1      ma2  intercept  fourier_1  fourier_2  fourier_3  fourier_4  fourier_5  fourier_6       0.6716  -0.0121  -0.1905    37.6329     2.2604    -2.4760     4.6232    -6.6147     0.3930     1.5599 s.e.  0.1135   0.1265   0.0888     0.5555     0.4362     0.4365     0.7874     0.7826     0.7857     0.7809       fourier_7  fourier_8  fourier_9  fourier_10  fourier_11  fourier_12  fourier_13  fourier_14          2.0730     1.1671     0.1115     -1.5117      0.0385      2.9296     -0.6439     -1.6098 s.e.     0.7828     0.7781     0.7789      0.7742      0.7740      0.7693      0.7682      0.7635  sigma^2 = 20.23:  log likelihood = -1057.69 AIC=2153.38   AICc=2155.58   BIC=2227.48",ok
"Train 2021, validate 2022",2,6,16,9.346725185148928,7.9748542375096845,27.51064978137361,2110.216360503319,"Series: train_y  Regression with ARIMA(1,0,0) errors   Coefficients:          ar1  intercept  fourier_1  fourier_2  fourier_3  fourier_4  fourier_5  fourier_6  fourier_7       0.6322    37.6615     2.2680    -2.4742    -1.8281     0.1074     4.6236    -6.5576     0.3938 s.e.  0.0409     0.5840     0.3901     0.3903     0.2354     0.2356     0.8284     0.8222     0.8267       fourier_8  fourier_9  fourier_10  fourier_11  fourier_12  fourier_13  fourier_14  fourier_15          1.6170     2.0741      1.2242       0.113     -1.4547      0.0404      2.9866     -0.6416 s.e.     0.8206     0.8239      0.8178       0.820      0.8140      0.8151      0.8092      0.8092       fourier_16          -1.5528 s.e.      0.8034  sigma^2 = 17.86:  log likelihood = -1035.01 AIC=2108.01   AICc=2110.22   BIC=2182.11",ok
"Train 2021, validate 2022",3,6,18,9.314602008085807,7.947935824757106,27.412178706244998,2099.5424584331577,"Series: train_y  Regression with ARIMA(1,0,1) errors   Coefficients:          ar1     ma1  intercept  fourier_1  fourier_2  fourier_3  fourier_4  fourier_5  fourier_6       0.5382  0.1815    37.6450     2.2747    -2.4683    -1.8254     0.1056     0.5895     0.3282 s.e.  0.0695  0.0817     0.5371     0.4247     0.4249     0.2352     0.2352     0.1667     0.1667       fourier_7  fourier_8  fourier_9  fourier_10  fourier_11  fourier_12  fourier_13  fourier_14          4.6225    -6.5905     0.3917      1.5842       2.071      1.1917      0.1089     -1.4868 s.e.     0.7614     0.7572     0.7605      0.7563       0.759      0.7548      0.7569      0.7528       fourier_15  fourier_16  fourier_17  fourier_18           0.0353      2.9550     -0.6475     -1.5839 s.e.      0.7543      0.7502      0.7512      0.7471  sigma^2 = 17.17:  log likelihood = -1026.29 AIC=2096.58   AICc=2099.54   BIC=2182.38",ok
"Train 2021, validate 2022",1,8,18,9.875855527551371,8.383234698622829,28.809492963935114,2144.330970910701,"Series: train_y  Regression with ARIMA(1,0,1) errors   Coefficients:          ar1     ma1  intercept  fourier_1  fourier_2  fourier_3  fourier_4  fourier_5  fourier_6       0.2498  0.3557    37.6040     2.2724    -2.4578     4.6210    -6.6725     0.3887     1.5025 s.e.  0.0969  0.0955     0.4041     0.4575     0.4578     0.5721     0.5708     0.5720     0.5707       fourier_7  fourier_8  fourier_9  fourier_10  fourier_11  fourier_12  fourier_13  fourier_14          2.0665     1.1102     0.1029     -1.5678      0.0279      2.8745     -0.6564     -1.6637 s.e.     0.5717     0.5704     0.5713      0.5700      0.5708      0.5695      0.5702      0.5689       fourier_15  fourier_16  fourier_17  fourier_18          -1.1921     -2.1756     -0.1279      1.4974 s.e.      0.5695      0.5683      0.5687      0.5675  sigma^2 = 19.43:  log likelihood = -1048.69 AIC=2141.37   AICc=2144.33   BIC=2227.17",ok
"Train 2021, validate 2022",2,8,20,9.732199159711,8.301370194919745,28.46962367446691,2101.0787143453726,"Series: train_y  Regression with ARIMA(2,0,0) errors   Coefficients:          ar1      ar2  intercept  fourier_1  fourier_2  fourier_3  fourier_4  fourier_5  fourier_6       0.6334  -0.1206    37.6264     2.2838    -2.4536    -1.8188     0.1049     4.6214    -6.6276 s.e.  0.0520   0.0528     0.4298     0.4291     0.4294     0.2412     0.2413     0.6085     0.6069       fourier_7  fourier_8  fourier_9  fourier_10  fourier_11  fourier_12  fourier_13  fourier_14          0.3894     1.5474     2.0676      1.1552      0.1044     -1.5229      0.0298      2.9195 s.e.     0.6083     0.6066     0.6078      0.6062      0.6072      0.6056      0.6065      0.6048       fourier_15  fourier_16  fourier_17  fourier_18  fourier_19  fourier_20          -0.6541     -1.6188     -1.1894     -2.1307     -0.1249      1.5422 s.e.      0.6055      0.6039      0.6044      0.6028      0.6031      0.6015  sigma^2 = 17.14:  log likelihood = -1024.77 AIC=2097.55   AICc=2101.08   BIC=2191.15",ok
"Train 2021, validate 2022",3,8,22,9.713342123271815,8.287977924522124,28.42553753613026,2090.1816404556002,"Series: train_y  Regression with ARIMA(2,0,0) errors   Coefficients:          ar1      ar2  intercept  fourier_1  fourier_2  fourier_3  fourier_4  fourier_5  fourier_6       0.6680  -0.1536    37.6237     2.2871    -2.4517    -1.8187     0.1042     0.5912     0.3249 s.e.  0.0517   0.0525     0.4222     0.4370     0.4373     0.2345     0.2345     0.1665     0.1665       fourier_7  fourier_8  fourier_9  fourier_10  fourier_11  fourier_12  fourier_13  fourier_14          4.6213    -6.6330     0.3892      1.5420      2.0673      1.1498      0.1040     -1.5282 s.e.     0.5977     0.5963     0.5976      0.5961      0.5973      0.5958      0.5969      0.5954       fourier_15  fourier_16  fourier_17  fourier_18  fourier_19  fourier_20  fourier_21  fourier_22           0.0293      2.9142     -0.6547     -1.6240     -1.1902     -2.1359     -0.1257      1.5372 s.e.      0.5963      0.5949      0.5957      0.5942      0.5949      0.5935      0.5940      0.5926  sigma^2 = 16.52:  log likelihood = -1017.01 AIC=2086.03   AICc=2090.18   BIC=2187.43",ok
"Train 2021-2022, validate 2023",1,2,6,12.50219030541839,9.690104760726792,21.472131277599555,4455.956100125086,"Series: train_y  Regression with ARIMA(0,1,3) errors   Coefficients:           ma1      ma2      ma3  fourier_1  fourier_2  fourier_3  fourier_4  fourier_5  fourier_6       -0.2444  -0.4349  -0.0734     3.1515    -3.0023     2.4444    -5.6644    -1.5003     0.7941 s.e.   0.0377   0.0360   0.0436     0.3666     0.3667     3.9010     3.8333     1.9832     1.9499  sigma^2 = 26:  log likelihood = -2217.82 AIC=4455.65   AICc=4455.96   BIC=4501.57",ok
"Train 2021-2022, validate 2023",2,2,8,12.854116219821618,10.013892216508381,21.987110517092827,4348.468500559556,"Series: train_y  Regression with ARIMA(1,1,4) errors   Coefficients:          ar1      ma1      ma2     ma3     ma4  fourier_1  fourier_2  fourier_3  fourier_4  fourier_5       0.8712  -1.1183  -0.1249  0.1407  0.1082     3.1553    -2.9879    -2.1331    -0.0518     2.1991 s.e.  0.0437   0.0577   0.0568  0.0613  0.0428     0.3397     0.3397     0.1978     0.1979     1.2374       fourier_6  fourier_7  fourier_8         -5.6545    -1.6262     0.8070 s.e.     1.1312     1.0123     0.9752  sigma^2 = 22.27:  log likelihood = -2159.94 AIC=4347.88   AICc=4348.47   BIC=4412.16",ok
"Train 2021-2022, validate 2023",3,2,10,17.4781661270785,15.221058227840187,34.376568810476854,4445.67880305515,"Series: train_y  Regression with ARIMA(0,1,0) errors   Coefficients:       fourier_1  fourier_2  fourier_3  fourier_4  fourier_5  fourier_6  fourier_7  fourier_8  fourier_9          3.1611    -2.9942    -2.1418    -0.0496     0.7394     0.2545     0.5902    -5.6372    -2.4278 s.e.     0.3036     0.3033     0.1683     0.1685     0.1351     0.1350    15.3235    15.2920     7.6620       fourier_10           0.8241 s.e.      7.6463  sigma^2 = 25.63:  log likelihood = -2211.66 AIC=4445.31   AICc=4445.68   BIC=4495.82",ok
"Train 2021-2022, validate 2023",1,4,10,12.803427185327061,9.963696074691176,22.064540382587538,4434.578636659575,"Series: train_y  Regression with ARIMA(3,1,1) errors   Coefficients:          ar1      ar2     ar3      ma1  fourier_1  fourier_2  fourier_3  fourier_4  fourier_5  fourier_6       0.7017  -0.2620  0.2197  -0.9864     3.1488    -3.0080     2.2792    -5.6652    -1.5867     0.7961 s.e.  0.0368   0.0437  0.0367   0.0053     0.3210     0.3212     1.0575     0.9624     0.8365     0.8047       fourier_7  fourier_8  fourier_9  fourier_10          1.0863     1.5117    -0.2305     -1.3111 s.e.     0.7839     0.7671     0.7590      0.7479  sigma^2 = 25.02:  log likelihood = -2201.95 AIC=4433.91   AICc=4434.58   BIC=4502.78",ok
"Train 2021-2022, validate 2023",2,4,12,15.669145019374296,12.776160396879556,28.2803258246622,4362.2201513795235,"Series: train_y  Regression with ARIMA(0,1,5) errors   Coefficients:           ma1      ma2      ma3      ma4      ma5    drift  fourier_1  fourier_2  fourier_3  fourier_4       -0.2526  -0.3557  -0.1942  -0.1061  -0.0641  -0.0121     3.1579    -2.9815    -2.1357    -0.0513 s.e.   0.0374   0.0384   0.0436   0.0401   0.0350   0.0059     0.3711     0.3711     0.1957     0.1959       fourier_5  fourier_6  fourier_7  fourier_8  fourier_9  fourier_10  fourier_11  fourier_12          1.8603    -5.6672    -1.7940     0.7940     0.9493      1.5094     -0.3320     -1.3136 s.e.     0.8055     0.6904     0.6377     0.6023     0.6011      0.5841      0.5873      0.5772  sigma^2 = 22.5:  log likelihood = -2161.57 AIC=4361.15   AICc=4362.22   BIC=4448.39",ok
"Train 2021-2022, validate 2023",3,4,14,17.682424767320448,15.473192281123618,35.10289447734323,4453.740547578493,"Series: train_y  Regression with ARIMA(0,1,0) errors   Coefficients:       fourier_1  fourier_2  fourier_3  fourier_4  fourier_5  fourier_6  fourier_7  fourier_8  fourier_9          3.1611    -2.9942    -2.1418    -0.0496     0.7394     0.2546     0.5861    -5.6372    -2.4299 s.e.     0.3036     0.3032     0.1683     0.1684     0.1350     0.1350    15.3212    15.2892     7.6609       fourier_10  fourier_11  fourier_12  fourier_13  fourier_14           0.8242      0.5269      1.5394     -0.6474     -1.2836 s.e.      7.6449      5.1076      5.0969      3.8310      3.8230  sigma^2 = 25.76:  log likelihood = -2211.53 AIC=4453.07   AICc=4453.74   BIC=4521.94",ok
"Train 2021-2022, validate 2023",1,6,14,15.828509179812439,12.919917504393654,28.63041487154991,4454.914542249373,"Series: train_y  Regression with ARIMA(1,1,2) errors   Coefficients:          ar1      ma1      ma2    drift  fourier_1  fourier_2  fourier_3  fourier_4  fourier_5  fourier_6       0.3508  -0.6186  -0.3648  -0.0123     3.1513    -2.9967     1.8393    -5.6727    -1.8038     0.7886 s.e.  0.0600   0.0617   0.0591   0.0059     0.3962     0.3963     0.7828     0.6704     0.6145     0.5798       fourier_7  fourier_8  fourier_9  fourier_10  fourier_11  fourier_12  fourier_13  fourier_14          0.9434     1.5039    -0.3357     -1.3191     -0.2705      1.3144     -0.5363     -0.7179 s.e.     0.5777     0.5611     0.5638      0.5540      0.5568      0.5502      0.5524      0.5476  sigma^2 = 25.55:  log likelihood = -2207.92 AIC=4453.84   AICc=4454.91   BIC=4541.08",ok
"Train 2021-2022, validate 2023",2,6,16,15.927865271082963,13.043475021985907,28.909449633314708,4362.562250920859,"Series: train_y  Regression with ARIMA(0,1,5) errors   Coefficients:           ma1      ma2      ma3      ma4      ma5    drift  fourier_1  fourier_2  fourier_3  fourier_4       -0.2619  -0.3615  -0.1935  -0.1005  -0.0566  -0.0127     3.1556    -2.9827    -2.1361    -0.0512 s.e.   0.0374   0.0385   0.0437   0.0402   0.0352   0.0056     0.3685     0.3685     0.1953     0.1955       fourier_5  fourier_6  fourier_7  fourier_8  fourier_9  fourier_10  fourier_11  fourier_12  fourier_13          1.7952    -5.6685    -1.8266     0.7930     0.9278      1.5082     -0.3481     -1.3148     -0.2809 s.e.     0.7742     0.6671     0.6186     0.5859     0.5848      0.5692      0.5721      0.5627      0.5656       fourier_14  fourier_15  fourier_16           1.3189     -0.5457     -0.7135 s.e.      0.5592      0.5615      0.5568  sigma^2 = 22.38:  log likelihood = -2157.5 AIC=4361   AICc=4362.56   BIC=4466.6",ok
"Train 2021-2022, validate 2023",3,6,18,18.340990724111403,16.19381769817754,36.96553733574444,4461.7581397113645,"Series: train_y  Regression with ARIMA(0,1,0) errors   Coefficients:       fourier_1  fourier_2  fourier_3  fourier_4  fourier_5  fourier_6  fourier_7  fourier_8  fourier_9          3.1612    -2.9946    -2.1420    -0.0497     0.7392     0.2547     0.5561    -5.6370    -2.4449 s.e.     0.3035     0.3031     0.1683     0.1684     0.1350     0.1350    15.3175    15.2852     7.6590       fourier_10  fourier_11  fourier_12  fourier_13  fourier_14  fourier_15  fourier_16  fourier_17           0.8243      0.5169      1.5395     -0.6549     -1.2835     -0.5252      1.3499     -0.7477 s.e.      7.6429      5.1063      5.0956      3.8301      3.8220      3.0644      3.0579      2.5540       fourier_18          -0.6824 s.e.      2.5486  sigma^2 = 25.89:  log likelihood = -2211.34 AIC=4460.69   AICc=4461.76   BIC=4547.93",ok
"Train 2021-2022, validate 2023",1,8,18,16.045996621459217,13.159384473686563,29.280826523019222,4453.193198939246,"Series: train_y  Regression with ARIMA(2,1,2) errors   Coefficients:          ar1     ar2      ma1      ma2    drift  fourier_1  fourier_2  fourier_3  fourier_4  fourier_5       0.1359  0.1445  -0.4263  -0.5566  -0.0126     3.1444    -3.0000     1.8079    -5.6773    -1.8167 s.e.  0.1207  0.0856   0.1113   0.1109   0.0055     0.3738     0.3738     0.7745     0.6635     0.6197       fourier_6  fourier_7  fourier_8  fourier_9  fourier_10  fourier_11  fourier_12  fourier_13          0.7840     0.9271     1.5036    -0.3451     -1.3259     -0.2745      1.3128     -0.5434 s.e.     0.5859     0.5860     0.5698     0.5731      0.5634      0.5663      0.5597      0.5618       fourier_14  fourier_15  fourier_16  fourier_17  fourier_18          -0.7240     -0.0599     -0.0529      0.0697      1.6014 s.e.      0.5569      0.5583      0.5544      0.5552      0.5520  sigma^2 = 25.3:  log likelihood = -2201.74 AIC=4451.49   AICc=4453.19   BIC=4561.69",ok
"Train 2021-2022, validate 2023",2,8,20,15.733529689894997,12.826619049783622,28.47616646477138,4362.108637272477,"Series: train_y  Regression with ARIMA(0,1,4) errors   Coefficients:           ma1      ma2      ma3      ma4    drift  fourier_1  fourier_2  fourier_3  fourier_4  fourier_5       -0.2695  -0.3835  -0.2084  -0.1095  -0.0123     3.1507    -2.9808    -2.1385    -0.0498     1.8425 s.e.   0.0372   0.0361   0.0420   0.0375   0.0060     0.3795     0.3795     0.1875     0.1876     0.7698       fourier_6  fourier_7  fourier_8  fourier_9  fourier_10  fourier_11  fourier_12  fourier_13         -5.6728    -1.8002     0.7881     0.9452      1.5019     -0.3337     -1.3193     -0.2694 s.e.     0.6604     0.5913     0.5567     0.5516      0.5350      0.5367      0.5269      0.5294       fourier_14  fourier_15  fourier_16  fourier_17  fourier_18  fourier_19  fourier_20           1.3135     -0.5373     -0.7194     -0.0607     -0.0542      0.0749      1.6055 s.e.      0.5228      0.5250      0.5201      0.5219      0.5182      0.5195      0.5165  sigma^2 = 22.27:  log likelihood = -2154.05 AIC=4360.11   AICc=4362.11   BIC=4479.49",ok
"Train 2021-2022, validate 2023",3,8,22,19.827205175553065,17.825978280718896,41.18880826845389,4469.501054920071,"Series: train_y  Regression with ARIMA(0,1,0) errors   Coefficients:       fourier_1  fourier_2  fourier_3  fourier_4  fourier_5  fourier_6  fourier_7  fourier_8  fourier_9          3.1610    -2.9948    -2.1421    -0.0497     0.7392     0.2548     0.5443    -5.6370    -2.4508 s.e.     0.3034     0.3030     0.1682     0.1683     0.1349     0.1349    15.3098    15.2773     7.6552       fourier_10  fourier_11  fourier_12  fourier_13  fourier_14  fourier_15  fourier_16  fourier_17           0.8243      0.5129      1.5396     -0.6578     -1.2834     -0.5275      1.3500     -0.7497 s.e.      7.6389      5.1038      5.0929      3.8282      3.8200      3.0629      3.0564      2.5527       fourier_18  fourier_19  fourier_20  fourier_21  fourier_22          -0.6824     -0.2415     -0.0172     -0.0806      1.6413 s.e.      2.5473      2.1884      2.1838      1.9152      1.9112  sigma^2 = 26.01:  log likelihood = -2210.97 AIC=4467.94   AICc=4469.5   BIC=4573.54",ok
"Train 2021-2023, validate 2024",1,2,6,8.92552598876714,7.233306108454236,16.29101081711457,6868.503425665405,"Series: train_y  Regression with ARIMA(3,1,1) errors   Coefficients:          ar1      ar2     ar3      ma1  fourier_1  fourier_2  fourier_3  fourier_4  fourier_5  fourier_6       0.6976  -0.1934  0.1699  -0.9807     3.5651    -3.4470     1.7444    -5.8138    -2.5263     0.3441 s.e.  0.0305   0.0361  0.0305   0.0060     0.2923     0.2921     1.1436     1.0794     0.8396     0.8167  sigma^2 = 30.81:  log likelihood = -3423.13 AIC=6868.26   AICc=6868.5   BIC=6923.23",ok
"Train 2021-2023, validate 2024",2,2,8,8.734704582208659,7.100281412177696,16.013459561860852,6737.241079000483,"Series: train_y  Regression with ARIMA(2,1,2) errors   Coefficients:           ar1     ar2      ma1      ma2  fourier_1  fourier_2  fourier_3  fourier_4  fourier_5  fourier_6       -0.1596  0.5342  -0.0989  -0.8601     3.5651    -3.4332    -2.2154    -0.1619     1.7241    -5.8005 s.e.   0.0694  0.0568   0.0576   0.0568     0.2905     0.2903     0.1725     0.1725     1.1330     1.0700       fourier_7  fourier_8         -2.5348     0.3568 s.e.     0.8021     0.7792  sigma^2 = 27.27:  log likelihood = -3355.45 AIC=6736.9   AICc=6737.24   BIC=6801.87",ok
"Train 2021-2023, validate 2024",3,2,10,8.902887406627784,7.242982746728071,16.09768104344364,6669.675986014905,"Series: train_y  Regression with ARIMA(3,1,3) errors   Coefficients:          ar1      ar2     ar3      ma1     ma2      ma3  fourier_1  fourier_2  fourier_3  fourier_4       1.7858  -1.3215  0.4425  -2.0089  1.4107  -0.3959     3.5629    -3.4403    -2.2157    -0.1613 s.e.  0.1344   0.2120  0.0888   0.1440  0.2723   0.1404     0.3480     0.3478     0.1576     0.1575       fourier_5  fourier_6  fourier_7  fourier_8  fourier_9  fourier_10          0.8826     0.3145     1.6737    -5.8501    -2.5735      0.3120 s.e.     0.1172     0.1172     1.2249     1.1557     0.9498      0.9249  sigma^2 = 25.54:  log likelihood = -3317.55 AIC=6669.11   AICc=6669.68   BIC=6754.07",ok
"Train 2021-2023, validate 2024",1,4,10,9.15550445216793,7.4862950942201785,17.05405069996636,6866.791657681255,"Series: train_y  Regression with ARIMA(3,1,1) errors   Coefficients:          ar1      ar2     ar3      ma1  fourier_1  fourier_2  fourier_3  fourier_4  fourier_5  fourier_6       0.6863  -0.1961  0.1595  -0.9800     3.5660    -3.4470     1.8042    -5.8016    -2.4970     0.3543 s.e.  0.0305   0.0359  0.0305   0.0057     0.2949     0.2947     1.0857     1.0227     0.7872     0.7648       fourier_7  fourier_8  fourier_9  fourier_10          0.5785     0.9847     0.0521     -1.9190 s.e.     0.7151     0.7033     0.6841      0.6766  sigma^2 = 30.64:  log likelihood = -3418.17 AIC=6866.35   AICc=6866.79   BIC=6941.31",ok
"Train 2021-2023, validate 2024",2,4,12,8.973047026820213,7.330725554334666,16.710175373585553,6734.516288685274,"Series: train_y  Regression with ARIMA(2,1,2) errors   Coefficients:           ar1     ar2      ma1      ma2  fourier_1  fourier_2  fourier_3  fourier_4  fourier_5  fourier_6       -0.1698  0.5161  -0.1032  -0.8563     3.5662    -3.4331    -2.2149    -0.1621     1.7868    -5.7940 s.e.   0.0708  0.0570   0.0590   0.0582     0.2897     0.2894     0.1733     0.1733     1.0723     1.0104       fourier_7  fourier_8  fourier_9  fourier_10  fourier_11  fourier_12         -2.5035     0.3634     0.5758      0.9928      0.0498     -1.9116 s.e.     0.7608     0.7384     0.6860      0.6744      0.6556      0.6483  sigma^2 = 27.1:  log likelihood = -3349.97 AIC=6733.95   AICc=6734.52   BIC=6818.91",ok
"Train 2021-2023, validate 2024",3,4,14,8.900149468579963,7.282262338601622,16.627150177239802,6679.639100280744,"Series: train_y  Regression with ARIMA(1,1,2) errors   Coefficients:          ar1      ma1      ma2  fourier_1  fourier_2  fourier_3  fourier_4  fourier_5  fourier_6  fourier_7       0.5536  -0.7612  -0.2091     3.5644    -3.4307    -2.2138    -0.1640     0.8837     0.3139     1.7901 s.e.  0.0406   0.0468   0.0436     0.3105     0.3102     0.1664     0.1663     0.1138     0.1138     1.0727       fourier_8  fourier_9  fourier_10  fourier_11  fourier_12  fourier_13  fourier_14         -5.7878    -2.5003      0.3696      0.5793      0.9987      0.0537     -1.9057 s.e.     1.0122     0.7325      0.7101      0.6493      0.6377      0.6163      0.6091  sigma^2 = 25.75:  log likelihood = -3321.5 AIC=6679   AICc=6679.64   BIC=6768.96",ok
"Train 2021-2023, validate 2024",1,6,14,9.076000735282156,7.401237087849896,16.773977808959017,6865.826278736659,"Series: train_y  Regression with ARIMA(1,1,3) errors   Coefficients:          ar1      ma1      ma2     ma3  fourier_1  fourier_2  fourier_3  fourier_4  fourier_5  fourier_6       0.8016  -1.1106  -0.1575  0.2793     3.5639    -3.4458     1.8422    -5.8152    -2.4791     0.3431 s.e.  0.0560   0.0673   0.0470  0.0504     0.3046     0.3044     1.0870     1.0231     0.7970     0.7742       fourier_7  fourier_8  fourier_9  fourier_10  fourier_11  fourier_12  fourier_13  fourier_14          0.5880     0.9735     0.0553     -1.9294      1.0978      1.3536     -0.1671     -0.5914 s.e.     0.7243     0.7122     0.6898      0.6818      0.6658      0.6599      0.6454      0.6407  sigma^2 = 30.5:  log likelihood = -3413.56 AIC=6865.12   AICc=6865.83   BIC=6960.07",ok
"Train 2021-2023, validate 2024",2,6,16,8.816318341042614,7.201565577987407,16.439410328237173,6733.483238598626,"Series: train_y  Regression with ARIMA(3,1,2) errors   Coefficients:           ar1     ar2      ar3      ma1      ma2  fourier_1  fourier_2  fourier_3  fourier_4  fourier_5       -0.1944  0.5167  -0.0528  -0.0690  -0.8853     3.5630    -3.4312    -2.2138    -0.1625     1.8608 s.e.   0.0631  0.0522   0.0339   0.0549   0.0531     0.3027     0.3024     0.1722     0.1722     1.0378       fourier_6  fourier_7  fourier_8  fourier_9  fourier_10  fourier_11  fourier_12  fourier_13         -5.7895    -2.4651     0.3679     0.6025      0.9973      0.0709     -1.9074      1.1148 s.e.     0.9783     0.7129     0.6910     0.6338      0.6225      0.6024      0.5954      0.5860       fourier_14  fourier_15  fourier_16           1.3737     -0.1490     -0.5733 s.e.      0.5811      0.5755      0.5717  sigma^2 = 26.94:  log likelihood = -3344.27 AIC=6732.54   AICc=6733.48   BIC=6842.49",ok
"Train 2021-2023, validate 2024",3,6,18,8.766221044466969,7.179213126352027,16.39723277000504,6677.700269209953,"Series: train_y  Regression with ARIMA(1,1,2) errors   Coefficients:          ar1      ma1      ma2  fourier_1  fourier_2  fourier_3  fourier_4  fourier_5  fourier_6  fourier_7       0.5311  -0.7491  -0.2204     3.5628    -3.4297    -2.2134    -0.1645     0.8833     0.3141     1.8619 s.e.  0.0412   0.0466   0.0436     0.3104     0.3101     0.1674     0.1674     0.1135     0.1135     1.0392       fourier_8  fourier_9  fourier_10  fourier_11  fourier_12  fourier_13  fourier_14  fourier_15         -5.7889    -2.4647      0.3681      0.6029      0.9978      0.0721     -1.9067      1.1158 s.e.     0.9802     0.7056      0.6837      0.6238      0.6124      0.5914      0.5844      0.5748       fourier_16  fourier_17  fourier_18           1.3745     -0.1478     -0.5731 s.e.      0.5699      0.5643      0.5606  sigma^2 = 25.6:  log likelihood = -3316.38 AIC=6676.76   AICc=6677.7   BIC=6786.7",ok
"Train 2021-2023, validate 2024",1,8,18,9.09432879702619,7.456338158276391,16.803544483036287,6869.71545137769,"Series: train_y  Regression with ARIMA(1,1,3) errors   Coefficients:          ar1      ma1      ma2     ma3  fourier_1  fourier_2  fourier_3  fourier_4  fourier_5  fourier_6       0.7914  -1.1047  -0.1601  0.2765     3.5613    -3.4448     1.8188    -5.8188    -2.4912     0.3382 s.e.  0.0615   0.0727   0.0476  0.0534     0.3048     0.3046     1.0694     1.0061     0.7753     0.7527       fourier_7  fourier_8  fourier_9  fourier_10  fourier_11  fourier_12  fourier_13  fourier_14          0.5799     0.9681     0.0491     -1.9340      1.0928      1.3481     -0.1705     -0.5959 s.e.     0.7021     0.6902     0.6684      0.6607      0.6458      0.6402      0.6271      0.6226       fourier_15  fourier_16  fourier_17  fourier_18          -0.0454      0.1763     -0.6784      1.0469 s.e.      0.6099      0.6062      0.5933      0.5902  sigma^2 = 30.49:  log likelihood = -3411.34 AIC=6868.68   AICc=6869.72   BIC=6983.63",ok
"Train 2021-2023, validate 2024",2,8,20,8.96915097170067,7.352924212703072,16.526595904217253,6730.759492519529,"Series: train_y  Regression with ARIMA(3,1,3) errors   Coefficients:          ar1      ar2     ar3      ma1     ma2      ma3  fourier_1  fourier_2  fourier_3  fourier_4       1.7904  -1.4339  0.4833  -2.0730  1.6444  -0.5618     3.5561    -3.4331    -2.2145    -0.1615 s.e.  0.1151   0.1945  0.0945   0.1215  0.2448   0.1751     0.3594     0.3591     0.1625     0.1625       fourier_5  fourier_6  fourier_7  fourier_8  fourier_9  fourier_10  fourier_11  fourier_12  fourier_13          1.7816    -5.8186    -2.5088     0.3397     0.5681      0.9697      0.0402     -1.9334      1.0854 s.e.     1.0643     1.0009     0.7692     0.7465     0.6972      0.6852      0.6656      0.6578      0.6455       fourier_14  fourier_15  fourier_16  fourier_17  fourier_18  fourier_19  fourier_20           1.3487     -0.1776     -0.5972     -0.0572      0.1751     -0.6890      1.0446 s.e.      0.6398      0.6294      0.6249      0.6147      0.6109      0.6004      0.5971  sigma^2 = 26.75:  log likelihood = -3337.67 AIC=6729.34   AICc=6730.76   BIC=6864.28",ok
"Train 2021-2023, validate 2024",3,8,22,8.800575143229397,7.218326609570321,16.34562707293284,6680.624869733614,"Series: train_y  Regression with ARIMA(1,1,2) errors   Coefficients:          ar1      ma1      ma2  fourier_1  fourier_2  fourier_3  fourier_4  fourier_5  fourier_6  fourier_7       0.5187  -0.7422  -0.2261     3.5591    -3.4300    -2.2134    -0.1643     0.8832     0.3141     1.8266 s.e.  0.0420   0.0469   0.0436     0.3101     0.3098     0.1680     0.1679     0.1133     0.1133     1.0384       fourier_8  fourier_9  fourier_10  fourier_11  fourier_12  fourier_13  fourier_14  fourier_15         -5.7912    -2.4804      0.3657      0.5914      0.9951      0.0631     -1.9100      1.1089 s.e.     0.9790     0.6977      0.6755      0.6135      0.6020      0.5802      0.5731      0.5631       fourier_16  fourier_17  fourier_18  fourier_19  fourier_20  fourier_21  fourier_22           1.3717     -0.1536     -0.5752     -0.0312      0.1947     -0.6623      1.0630 s.e.      0.5582      0.5526      0.5489      0.5450      0.5421      0.5389      0.5365  sigma^2 = 25.57:  log likelihood = -3313.65 AIC=6679.31   AICc=6680.62   BIC=6809.25",ok
